symbol,direction,entry,sl,tp,volume,entry_time,confidence,profit,exit_time,exit_price,exit_reason
AUDUSD,BUY,0.7078,0.7048,0.7138,1.0,2026-03-02 14:40:00,0.6107572841806135,-300.0000000000002,2026-03-03 09:25:00,0.7048,stop_loss
AUDUSD,SELL,0.70454,0.7075400000000001,0.69854,1.0,2026-03-03 10:00:00,0.7406265835570551,600.0000000000005,2026-03-03 14:40:00,0.69854,take_profit
AUDUSD,BUY,0.69825,0.69525,0.70425,1.0,2026-03-03 14:45:00,0.7045284829351233,-300.0000000000002,2026-03-03 15:10:00,0.69525,stop_loss
AUDUSD,BUY,0.69534,0.69234,0.70134,1.0,2026-03-03 15:10:00,0.7390268411735585,600.0000000000005,2026-03-03 16:10:00,0.70134,take_profit
AUDUSD,BUY,0.70129,0.69829,0.70729,1.0,2026-03-03 16:10:00,0.7276577226336745,600.0000000000005,2026-03-04 10:10:00,0.70729,take_profit
AUDUSD,BUY,0.70458,0.70158,0.71058,1.0,2026-03-04 10:45:00,0.6667371357482927,-300.0000000000002,2026-03-05 08:20:00,0.70158,stop_loss
AUDUSD,BUY,0.70161,0.69861,0.70761,1.0,2026-03-05 08:30:00,0.8480504201448072,-300.0000000000002,2026-03-05 16:20:00,0.69861,stop_loss
AUDUSD,BUY,0.69852,0.69552,0.70452,1.0,2026-03-05 16:20:00,0.6422191863518145,600.0000000000005,2026-03-06 07:20:00,0.70452,take_profit
AUDUSD,SELL,0.70402,0.70702,0.69802,1.0,2026-03-06 08:00:00,0.6818665020622567,600.0000000000005,2026-03-06 14:05:00,0.69802,take_profit
AUDUSD,BUY,0.69796,0.69496,0.70396,1.0,2026-03-06 14:05:00,0.846397424596962,600.0000000000005,2026-03-09 14:20:00,0.70396,take_profit
AUDUSD,BUY,0.70392,0.70092,0.70992,1.0,2026-03-09 14:20:00,0.6805852229199596,600.0000000000005,2026-03-10 07:05:00,0.70992,take_profit
AUDUSD,BUY,0.71017,0.70717,0.71617,1.0,2026-03-10 07:05:00,0.7092676660589794,600.0000000000005,2026-03-10 17:15:00,0.71617,take_profit
AUDUSD,SELL,0.7155,0.7185,0.7095,1.0,2026-03-10 18:00:00,0.8960344701424279,-300.0000000000002,2026-03-11 04:50:00,0.7185,stop_loss
AUDUSD,SELL,0.7181,0.7211,0.7121,1.0,2026-03-11 05:00:00,0.711634921791098,600.0000000000005,2026-03-12 05:15:00,0.7121,take_profit
AUDUSD,BUY,0.71168,0.70868,0.71768,1.0,2026-03-12 06:05:00,0.6335093248871654,-300.0000000000002,2026-03-12 14:40:00,0.70868,stop_loss
AUDUSD,BUY,0.70804,0.70504,0.71404,1.0,2026-03-12 15:30:00,0.6242382516015862,-300.0000000000002,2026-03-13 06:25:00,0.70504,stop_loss
AUDUSD,SELL,0.70506,0.70806,0.69906,1.0,2026-03-13 06:25:00,0.686776153867933,600.0000000000005,2026-03-13 19:55:00,0.69906,take_profit
AUDUSD,BUY,0.69886,0.69586,0.70486,1.0,2026-03-15 22:30:00,0.6444466919969181,600.0000000000005,2026-03-16 10:55:00,0.70486,take_profit
AUDUSD,BUY,0.70492,0.70192,0.71092,1.0,2026-03-16 11:30:00,0.6642646552065467,600.0000000000005,2026-03-17 13:15:00,0.71092,take_profit
AUDUSD,BUY,0.71111,0.70811,0.71711,1.0,2026-03-17 13:55:00,0.6694482728484583,-300.0000000000002,2026-03-18 12:10:00,0.70811,stop_loss
AUDUSD,SELL,0.70866,0.71166,0.70266,1.0,2026-03-18 12:10:00,0.6607841258726963,600.0000000000005,2026-03-18 20:20:00,0.70266,take_profit
AUDUSD,BUY,0.70314,0.70014,0.70914,1.0,2026-03-19 00:30:00,0.6688298139076678,-300.0000000000002,2026-03-19 13:10:00,0.70014,stop_loss
AUDUSD,BUY,0.70004,0.69704,0.70604,1.0,2026-03-19 13:10:00,0.7191980576684373,600.0000000000005,2026-03-19 15:05:00,0.70604,take_profit
AUDUSD,SELL,0.70541,0.70841,0.69941,1.0,2026-03-19 15:05:00,0.8063061848658837,-300.0000000000002,2026-03-19 19:00:00,0.70841,stop_loss
AUDUSD,BUY,0.70833,0.70533,0.71433,1.0,2026-03-19 19:45:00,0.6096033944193597,-300.0000000000002,2026-03-20 10:10:00,0.70533,stop_loss
AUDUSD,BUY,0.70728,0.70428,0.71328,1.0,2026-03-20 11:00:00,0.6754490061119852,-300.0000000000002,2026-03-20 13:55:00,0.70428,stop_loss
AUDUSD,SELL,0.70437,0.70737,0.69837,1.0,2026-03-20 14:00:00,0.7439035862529246,600.0000000000005,2026-03-23 02:35:00,0.69837,take_profit
AUDUSD,SELL,0.69837,0.70137,0.69237,1.0,2026-03-23 02:35:00,0.7849033948483323,600.0000000000005,2026-03-23 10:25:00,0.69237,take_profit
AUDUSD,BUY,0.69148,0.68848,0.69748,1.0,2026-03-23 10:35:00,0.6981385327844528,600.0000000000005,2026-03-23 11:05:00,0.69748,take_profit
AUDUSD,SELL,0.70282,0.7062025,0.696055,1.0,2026-03-23 11:30:00,0.7095338731975696,-338.24999999999545,2026-03-23 14:30:00,0.7062025,stop_loss
AUDUSD,SELL,0.70558,0.70858,0.69958,1.0,2026-03-23 14:30:00,0.6490230555234318,600.0000000000005,2026-03-23 15:50:00,0.69958,take_profit
AUDUSD,BUY,0.69931,0.69631,0.70531,1.0,2026-03-23 15:55:00,0.6295161396664325,-300.0000000000002,2026-03-24 04:15:00,0.69631,stop_loss
AUDUSD,BUY,0.6971,0.6941,0.7031000000000001,1.0,2026-03-24 06:00:00,0.7806719892655878,-300.0000000000002,2026-03-24 17:05:00,0.6941,stop_loss
AUDUSD,BUY,0.6945,0.6915,0.7005,1.0,2026-03-24 17:30:00,0.7022929741355981,600.0000000000005,2026-03-24 20:20:00,0.7005,take_profit
AUDUSD,SELL,0.7,0.703,0.694,1.0,2026-03-24 23:30:00,0.605001877573786,600.0000000000005,2026-03-25 23:45:00,0.694,take_profit
AUDUSD,BUY,0.69379,0.69079,0.69979,1.0,2026-03-26 03:00:00,0.7870220804163925,-300.0000000000002,2026-03-26 12:30:00,0.69079,stop_loss
AUDUSD,BUY,0.69094,0.68794,0.69694,1.0,2026-03-26 13:00:00,0.8350514475771856,-300.0000000000002,2026-03-26 19:50:00,0.68794,stop_loss
AUDUSD,BUY,0.6877,0.6847,0.6937,1.0,2026-03-26 20:00:00,0.8146059401526016,-300.0000000000002,2026-03-29 22:50:00,0.6847,stop_loss
AUDUSD,BUY,0.68458,0.68158,0.69058,1.0,2026-03-30 00:00:00,0.6032111936398892,600.0000000000005,2026-03-31 23:05:00,0.69058,take_profit
AUDUSD,SELL,0.69262,0.69562,0.68662,1.0,2026-04-01 01:25:00,0.674985688092054,-300.0000000000002,2026-04-01 11:40:00,0.69562,stop_loss
AUDUSD,SELL,0.69554,0.69854,0.68954,1.0,2026-04-01 12:00:00,0.8506106893398787,600.0000000000005,2026-04-02 01:15:00,0.68954,take_profit
AUDUSD,SELL,0.68916,0.69216,0.68316,1.0,2026-04-02 01:35:00,0.615411982202151,-300.0000000000002,2026-04-06 07:45:00,0.69216,stop_loss
AUDUSD,SELL,0.69346,0.69646,0.68746,1.0,2026-04-06 09:30:00,0.654887915919742,-300.0000000000002,2026-04-07 19:20:00,0.69646,stop_loss
AUDUSD,BUY,0.6957,0.6927,0.7017,1.0,2026-04-07 19:30:00,0.8322785407070732,600.0000000000005,2026-04-07 22:35:00,0.7017,take_profit
AUDUSD,SELL,0.70782,0.71082,0.70182,1.0,2026-04-08 00:00:00,0.7988786866941305,600.0000000000005,2026-04-12 21:00:00,0.70182,take_profit
AUDUSD,BUY,0.70058,0.69758,0.70658,1.0,2026-04-12 22:00:00,0.65177956554395,600.0000000000005,2026-04-13 14:20:00,0.70658,take_profit
AUDUSD,BUY,0.70652,0.70352,0.71252,1.0,2026-04-13 14:55:00,0.6107291104335408,600.0000000000005,2026-04-14 11:20:00,0.71252,take_profit
AUDUSD,BUY,0.71216,0.70916,0.71816,1.0,2026-04-14 12:00:00,0.611387070555726,600.0000000000005,2026-04-16 02:00:00,0.71816,take_profit
AUDUSD,SELL,0.71749,0.72049,0.71149,1.0,2026-04-16 14:00:00,0.7325310075805126,-300.0000000000002,2026-04-17 12:50:00,0.72049,stop_loss
AUDUSD,SELL,0.72083,0.72383,0.71483,1.0,2026-04-17 14:30:00,0.6166697108100792,600.0000000000005,2026-04-19 21:00:00,0.71483,take_profit
AUDUSD,BUY,0.71208,0.70908,0.71808,1.0,2026-04-19 22:00:00,0.7516700954598808,600.0000000000005,2026-04-20 22:55:00,0.71808,take_profit
AUDUSD,SELL,0.71628,0.71928,0.71028,1.0,2026-04-21 07:30:00,0.6797362594650344,-300.0000000000002,2026-04-27 12:10:00,0.71928,stop_loss
AUDUSD,SELL,0.71881,0.72181,0.7128099999999999,1.0,2026-04-28 01:35:00,0.6294911868019564,600.0000000000005,2026-04-29 13:45:00,0.7128099999999999,take_profit
AUDUSD,BUY,0.7126,0.7096,0.7186,1.0,2026-04-29 14:00:00,0.6541717459249934,600.0000000000005,2026-04-30 14:50:00,0.7186,take_profit
AUDUSD,BUY,0.71876,0.71576,0.72476,1.0,2026-05-01 06:35:00,0.6091991274635729,-300.0000000000002,2026-05-04 16:05:00,0.71576,stop_loss
AUDUSD,SELL,0.71641,0.71941,0.71041,1.0,2026-05-04 16:30:00,0.6141576765993756,-300.0000000000002,2026-05-05 15:00:00,0.71941,stop_loss
AUDUSD,BUY,0.71828,0.71528,0.72428,1.0,2026-05-05 22:30:00,0.7322500828993546,600.0000000000005,2026-05-06 04:30:00,0.72428,take_profit
AUDUSD,SELL,0.72474,0.72774,0.71874,1.0,2026-05-06 07:00:00,0.6967377391665528,-300.0000000000002,2026-05-06 10:50:00,0.72774,stop_loss
AUDUSD,SELL,0.72646,0.72946,0.72046,1.0,2026-05-06 11:00:00,0.6408383712309098,600.0000000000005,2026-05-07 20:55:00,0.72046,take_profit
AUDUSD,BUY,0.7223,0.7193,0.7283000000000001,1.0,2026-05-08 08:05:00,0.6577461978891308,-300.0000000000002,2026-05-15 01:30:00,0.7193,stop_loss
AUDUSD,SELL,0.71966,0.72266,0.71366,1.0,2026-05-15 01:30:00,0.6281227758303429,600.0000000000005,2026-05-17 23:40:00,0.71366,take_profit
AUDUSD,BUY,0.71318,0.71018,0.71918,1.0,2026-05-18 06:00:00,0.7544191316649806,-300.0000000000002,2026-05-19 13:30:00,0.71018,stop_loss
AUDUSD,SELL,0.71094,0.71394,0.70494,1.0,2026-05-19 13:55:00,0.6278369084427726,-300.0000000000002,2026-05-20 14:15:00,0.71394,stop_loss
AUDUSD,BUY,0.7141,0.7111,0.7201,1.0,2026-05-20 14:15:00,0.6588055190999818,-300.0000000000002,2026-05-21 01:50:00,0.7111,stop_loss
AUDUSD,SELL,0.71212,0.71512,0.70612,1.0,2026-05-21 02:00:00,0.7690504640581963,-300.0000000000002,2026-05-21 17:15:00,0.71512,stop_loss
AUDUSD,SELL,0.71611,0.71911,0.71011,1.0,2026-05-21 18:30:00,0.7655535176877998,600.0000000000005,2026-05-28 03:50:00,0.71011,take_profit
AUDUSD,BUY,0.71036,0.70736,0.71636,1.0,2026-05-28 05:00:00,0.7145219837842613,600.0000000000005,2026-05-28 16:15:00,0.71636,take_profit
AUDUSD,BUY,0.71808,0.71508,0.7240800000000001,1.0,2026-05-29 14:30:00,0.696077126928869,-5.000000000010552,2026-05-31 23:55:00,0.71803,end_of_data
EURUSD,SELL,1.17162,1.17462,1.16562,1.0,2026-03-02 15:00:00,0.8566240078732588,600.0000000000005,2026-03-03 07:25:00,1.16562,take_profit
EURUSD,BUY,1.16308,1.16008,1.16908,1.0,2026-03-03 08:20:00,0.6114920475763361,-299.99999999998914,2026-03-03 09:45:00,1.16008,stop_loss
EURUSD,BUY,1.16008,1.15708,1.16608,1.0,2026-03-03 09:45:00,0.7079129296926316,-299.99999999998914,2026-03-03 14:25:00,1.15708,stop_loss
EURUSD,BUY,1.15756,1.15456,1.16356,1.0,2026-03-03 14:25:00,0.6378832494151092,-299.99999999998914,2026-03-03 15:10:00,1.15456,stop_loss
EURUSD,BUY,1.1549,1.1519000000000001,1.1609,1.0,2026-03-03 15:10:00,0.7043930894478365,600.0000000000005,2026-03-03 18:30:00,1.1609,take_profit
EURUSD,BUY,1.15908,1.1560800000000002,1.1650800000000001,1.0,2026-03-04 06:00:00,0.72495186999748,600.0000000000005,2026-03-04 11:20:00,1.1650800000000001,take_profit
EURUSD,BUY,1.16444,1.16144,1.17044,1.0,2026-03-04 11:25:00,0.6863703244457524,-299.99999999998914,2026-03-05 03:20:00,1.16144,stop_loss
EURUSD,BUY,1.16072,1.15772,1.16672,1.0,2026-03-05 09:00:00,0.7545744563477605,-299.99999999998914,2026-03-05 15:35:00,1.15772,stop_loss
EURUSD,BUY,1.15707,1.1540700000000002,1.16307,1.0,2026-03-05 15:35:00,0.611389014370463,-299.99999999998914,2026-03-08 22:05:00,1.1540700000000002,stop_loss
EURUSD,BUY,1.15302,1.15002,1.15902,1.0,2026-03-09 05:00:00,0.6814406925592029,600.0000000000005,2026-03-09 15:50:00,1.15902,take_profit
EURUSD,BUY,1.15826,1.1552600000000002,1.16426,1.0,2026-03-09 19:05:00,0.6084281486066621,600.0000000000005,2026-03-09 22:10:00,1.16426,take_profit
EURUSD,BUY,1.16358,1.1605800000000002,1.16958,1.0,2026-03-10 07:15:00,0.643699094824018,-299.99999999998914,2026-03-10 19:40:00,1.1605800000000002,stop_loss
EURUSD,SELL,1.15972,1.16272,1.15372,1.0,2026-03-11 12:35:00,0.6903310887682303,600.0000000000005,2026-03-12 00:05:00,1.15372,take_profit
EURUSD,SELL,1.15458,1.1575799999999998,1.14858,1.0,2026-03-12 13:00:00,0.7618658374009515,600.0000000000005,2026-03-13 06:55:00,1.14858,take_profit
EURUSD,BUY,1.14559,1.1425900000000002,1.1515900000000001,1.0,2026-03-13 07:45:00,0.635854024916127,-299.99999999998914,2026-03-13 19:15:00,1.1425900000000002,stop_loss
EURUSD,SELL,1.14266,1.14566,1.13666,1.0,2026-03-16 07:45:00,0.7414402191724809,-299.99999999998914,2026-03-16 10:10:00,1.14566,stop_loss
EURUSD,BUY,1.14584,1.14284,1.15184,1.0,2026-03-16 10:10:00,0.6572779065582013,600.0000000000005,2026-03-16 18:25:00,1.15184,take_profit
EURUSD,SELL,1.14944,1.15244,1.14344,1.0,2026-03-17 05:30:00,0.6641408907599098,-299.99999999998914,2026-03-17 09:25:00,1.15244,stop_loss
EURUSD,BUY,1.15222,1.1492200000000001,1.15822,1.0,2026-03-17 09:25:00,0.6035320914914846,-299.99999999998914,2026-03-18 13:15:00,1.1492200000000001,stop_loss
EURUSD,SELL,1.15095,1.1539499999999998,1.14495,1.0,2026-03-18 18:15:00,0.6463657058468413,600.0000000000005,2026-03-19 08:05:00,1.14495,take_profit
EURUSD,BUY,1.14682,1.14382,1.15282,1.0,2026-03-19 09:30:00,0.8447311569439943,600.0000000000005,2026-03-19 14:05:00,1.15282,take_profit
EURUSD,SELL,1.15238,1.1553799999999999,1.14638,1.0,2026-03-19 14:05:00,0.6168393849914168,-299.99999999998914,2026-03-19 17:20:00,1.1553799999999999,stop_loss
EURUSD,BUY,1.1558,1.1528,1.1618,1.0,2026-03-19 18:10:00,0.6017816139252758,-299.99999999998914,2026-03-20 14:25:00,1.1528,stop_loss
EURUSD,BUY,1.1552,1.1522000000000001,1.1612,1.0,2026-03-20 16:05:00,0.6240657599209727,-299.99999999998914,2026-03-23 06:40:00,1.1522000000000001,stop_loss
EURUSD,BUY,1.15284,1.1498400000000002,1.15884,1.0,2026-03-23 08:00:00,0.7563932353392211,-299.99999999998914,2026-03-23 09:40:00,1.1498400000000002,stop_loss
EURUSD,BUY,1.14949,1.14649,1.15549,1.0,2026-03-23 09:45:00,0.6500362146952547,600.0000000000005,2026-03-23 11:05:00,1.15549,take_profit
EURUSD,BUY,1.15606,1.1514389285714286,1.165302142857143,1.0,2026-03-23 12:00:00,0.624293035020337,-462.1071428571488,2026-03-27 10:40:00,1.1514389285714286,stop_loss
EURUSD,SELL,1.15454,1.1575399999999998,1.14854,1.0,2026-03-27 15:30:00,0.7258664081903832,600.0000000000005,2026-03-30 09:15:00,1.14854,take_profit
EURUSD,SELL,1.14872,1.1517199999999999,1.14272,1.0,2026-03-30 12:45:00,0.709898441247726,-299.99999999998914,2026-03-31 13:20:00,1.1517199999999999,stop_loss
EURUSD,BUY,1.15148,1.1484800000000002,1.15748,1.0,2026-03-31 13:30:00,0.7357777829308362,600.0000000000005,2026-04-01 00:15:00,1.15748,take_profit
EURUSD,BUY,1.15654,1.15354,1.16254,1.0,2026-04-01 06:00:00,0.6746618645710284,600.0000000000005,2026-04-01 14:50:00,1.16254,take_profit
EURUSD,BUY,1.16234,1.15934,1.16834,1.0,2026-04-01 14:50:00,0.6215518084764204,-299.99999999998914,2026-04-01 18:00:00,1.15934,stop_loss
EURUSD,SELL,1.1588,1.1618,1.1528,1.0,2026-04-02 01:05:00,0.64471766941307,600.0000000000005,2026-04-02 05:45:00,1.1528,take_profit
EURUSD,BUY,1.15214,1.14914,1.15814,1.0,2026-04-02 13:10:00,0.7211393257518377,600.0000000000005,2026-04-07 14:45:00,1.15814,take_profit
EURUSD,BUY,1.15845,1.15545,1.16445,1.0,2026-04-07 19:30:00,0.6212619259184464,600.0000000000005,2026-04-07 22:35:00,1.16445,take_profit
EURUSD,SELL,1.1668,1.1698,1.1608,1.0,2026-04-07 22:55:00,0.6231636749015227,-299.99999999998914,2026-04-08 05:50:00,1.1698,stop_loss
EURUSD,BUY,1.16916,1.16616,1.17516,1.0,2026-04-08 05:55:00,0.7505077234599431,-299.99999999998914,2026-04-08 18:35:00,1.16616,stop_loss
EURUSD,BUY,1.1649,1.1619000000000002,1.1709,1.0,2026-04-08 19:15:00,0.7136529224339201,600.0000000000005,2026-04-09 16:05:00,1.1709,take_profit
EURUSD,BUY,1.16886,1.1658600000000001,1.17486,1.0,2026-04-10 09:00:00,0.6594385998189551,600.0000000000005,2026-04-13 18:30:00,1.17486,take_profit
EURUSD,BUY,1.17494,1.1719400000000002,1.18094,1.0,2026-04-13 18:30:00,0.6352507016019048,600.0000000000005,2026-04-14 14:50:00,1.18094,take_profit
EURUSD,SELL,1.1785,1.1815,1.1725,1.0,2026-04-15 10:05:00,0.6141540685462445,-299.99999999998914,2026-04-16 02:40:00,1.1815,stop_loss
EURUSD,BUY,1.17964,1.1766400000000001,1.18564,1.0,2026-04-17 12:05:00,0.6078674998900782,-299.99999999998914,2026-04-17 20:25:00,1.1766400000000001,stop_loss
EURUSD,BUY,1.17697,1.1739700000000002,1.18297,1.0,2026-04-20 15:00:00,0.7157688878739152,-299.99999999998914,2026-04-21 17:00:00,1.1739700000000002,stop_loss
EURUSD,SELL,1.17487,1.17787,1.16887,1.0,2026-04-21 17:45:00,0.6501541490272709,600.0000000000005,2026-04-23 10:05:00,1.16887,take_profit
EURUSD,BUY,1.16924,1.1662400000000002,1.17524,1.0,2026-04-23 14:00:00,0.7350719563593197,600.0000000000005,2026-04-27 12:15:00,1.17524,take_profit
EURUSD,BUY,1.17106,1.16806,1.17706,1.0,2026-04-28 15:45:00,0.6172959652374745,-299.99999999998914,2026-04-29 17:05:00,1.16806,stop_loss
EURUSD,SELL,1.16822,1.17122,1.16222,1.0,2026-04-29 18:15:00,0.706092475754843,-299.99999999998914,2026-04-30 10:55:00,1.17122,stop_loss
EURUSD,BUY,1.16931,1.1663100000000002,1.17531,1.0,2026-04-30 14:00:00,0.8877779057301982,600.0000000000005,2026-05-01 11:15:00,1.17531,take_profit
EURUSD,BUY,1.17522,1.17222,1.18122,1.0,2026-05-01 12:00:00,0.6064347977103824,-299.99999999998914,2026-05-01 18:25:00,1.17222,stop_loss
EURUSD,BUY,1.16974,1.16674,1.17574,1.0,2026-05-04 12:00:00,0.776401196969028,600.0000000000005,2026-05-06 08:50:00,1.17574,take_profit
EURUSD,BUY,1.17602,1.1730200000000002,1.18202,1.0,2026-05-06 09:05:00,0.6218725880786152,-299.99999999998914,2026-05-07 20:35:00,1.1730200000000002,stop_loss
EURUSD,BUY,1.17448,1.17148,1.18048,1.0,2026-05-08 08:10:00,0.611122438981343,-299.99999999998914,2026-05-13 07:35:00,1.17148,stop_loss
EURUSD,SELL,1.16978,1.17278,1.16378,1.0,2026-05-14 14:15:00,0.6816211184157019,600.0000000000005,2026-05-15 05:45:00,1.16378,take_profit
EURUSD,SELL,1.16257,1.16557,1.15657,1.0,2026-05-15 09:50:00,0.630162263401681,-299.99999999998914,2026-05-18 12:45:00,1.16557,stop_loss
EURUSD,BUY,1.16476,1.1617600000000001,1.17076,1.0,2026-05-18 19:05:00,0.6840946140352904,-299.99999999998914,2026-05-19 09:10:00,1.1617600000000001,stop_loss
EURUSD,SELL,1.16163,1.1646299999999998,1.15563,1.0,2026-05-19 14:00:00,0.6973834208681655,-299.99999999998914,2026-05-24 23:10:00,1.1646299999999998,stop_loss
EURUSD,SELL,1.16444,1.1674399999999998,1.15844,1.0,2026-05-27 14:20:00,0.6361647874952412,-299.99999999998914,2026-05-29 14:55:00,1.1674399999999998,stop_loss
EURUSD,BUY,1.16687,1.1638700000000002,1.17287,1.0,2026-05-29 14:55:00,0.6538511874364714,-201.00000000000674,2026-05-31 23:55:00,1.16486,end_of_data
GBPUSD,SELL,1.34094,1.34394,1.33494,1.0,2026-03-02 15:00:00,0.6981716458992708,600.0000000000005,2026-03-03 07:20:00,1.33494,take_profit
GBPUSD,BUY,1.32648,1.3234800000000002,1.33248,1.0,2026-03-03 11:15:00,0.6872163882147863,600.0000000000005,2026-03-03 12:20:00,1.33248,take_profit
GBPUSD,SELL,1.33018,1.3331799999999998,1.32418,1.0,2026-03-03 14:30:00,0.6540750427338207,-299.99999999998914,2026-03-03 17:45:00,1.3331799999999998,stop_loss
GBPUSD,BUY,1.33275,1.3297500000000002,1.33875,1.0,2026-03-03 18:00:00,0.763421263040285,600.0000000000005,2026-03-04 10:05:00,1.33875,take_profit
GBPUSD,BUY,1.33782,1.3348200000000001,1.34382,1.0,2026-03-04 11:00:00,0.7251671355272238,-299.99999999998914,2026-03-04 17:25:00,1.3348200000000001,stop_loss
GBPUSD,BUY,1.33603,1.3330300000000002,1.34203,1.0,2026-03-04 19:30:00,0.6430242383825442,-299.99999999998914,2026-03-05 04:30:00,1.3330300000000002,stop_loss
GBPUSD,SELL,1.3333,1.3362999999999998,1.3273,1.0,2026-03-05 05:30:00,0.6504313963387753,-299.99999999998914,2026-03-05 09:05:00,1.3362999999999998,stop_loss
GBPUSD,SELL,1.33653,1.3395299999999999,1.33053,1.0,2026-03-05 13:00:00,0.6044798825988588,600.0000000000005,2026-03-05 16:05:00,1.33053,take_profit
GBPUSD,BUY,1.33268,1.3296800000000002,1.33868,1.0,2026-03-05 20:00:00,0.7010224945046131,600.0000000000005,2026-03-06 13:30:00,1.33868,take_profit
GBPUSD,BUY,1.33298,1.3299800000000002,1.33898,1.0,2026-03-06 14:20:00,0.6014037234386124,600.0000000000005,2026-03-06 16:05:00,1.33898,take_profit
GBPUSD,BUY,1.33798,1.33498,1.34398,1.0,2026-03-06 16:10:00,0.6918099174365505,-299.99999999998914,2026-03-08 21:00:00,1.33498,stop_loss
GBPUSD,BUY,1.33198,1.32898,1.33798,1.0,2026-03-08 22:50:00,0.6196849725649293,-299.99999999998914,2026-03-09 01:00:00,1.32898,stop_loss
GBPUSD,BUY,1.33044,1.3274400000000002,1.33644,1.0,2026-03-09 05:00:00,0.629118769564642,600.0000000000005,2026-03-09 13:10:00,1.33644,take_profit
GBPUSD,BUY,1.33666,1.33366,1.34266,1.0,2026-03-09 13:50:00,0.6173563197658418,600.0000000000005,2026-03-09 19:20:00,1.34266,take_profit
GBPUSD,BUY,1.34207,1.3390700000000002,1.34807,1.0,2026-03-10 00:00:00,0.7224269191760287,600.0000000000005,2026-03-10 08:00:00,1.34807,take_profit
GBPUSD,SELL,1.3473,1.3502999999999998,1.3413,1.0,2026-03-10 08:25:00,0.650116407932191,600.0000000000005,2026-03-10 19:40:00,1.3413,take_profit
GBPUSD,BUY,1.3428,1.3398,1.3488,1.0,2026-03-11 01:00:00,0.6461570108139838,-299.99999999998914,2026-03-11 12:50:00,1.3398,stop_loss
GBPUSD,BUY,1.34035,1.33735,1.34635,1.0,2026-03-11 13:00:00,0.679790205656797,-299.99999999998914,2026-03-12 00:05:00,1.33735,stop_loss
GBPUSD,SELL,1.33926,1.3422599999999998,1.33326,1.0,2026-03-12 02:00:00,0.6017900756879435,600.0000000000005,2026-03-13 04:35:00,1.33326,take_profit
GBPUSD,SELL,1.32988,1.3328799999999998,1.32388,1.0,2026-03-13 07:05:00,0.6427901858879062,600.0000000000005,2026-03-13 15:35:00,1.32388,take_profit
GBPUSD,BUY,1.32411,1.32111,1.33011,1.0,2026-03-16 08:15:00,0.6562980729045251,600.0000000000005,2026-03-16 13:45:00,1.33011,take_profit
GBPUSD,BUY,1.32904,1.32604,1.33504,1.0,2026-03-16 16:30:00,0.72571349278595,600.0000000000005,2026-03-17 13:20:00,1.33504,take_profit
GBPUSD,BUY,1.33451,1.3315100000000002,1.34051,1.0,2026-03-17 14:25:00,0.636439666289248,-299.99999999998914,2026-03-18 12:50:00,1.3315100000000002,stop_loss
GBPUSD,BUY,1.33076,1.32776,1.33676,1.0,2026-03-18 13:10:00,0.6166877335146852,-299.99999999998914,2026-03-18 19:50:00,1.32776,stop_loss
GBPUSD,BUY,1.32698,1.3239800000000002,1.33298,1.0,2026-03-19 00:30:00,0.6792569760286155,600.0000000000005,2026-03-19 13:50:00,1.33298,take_profit
GBPUSD,BUY,1.33661,1.3336100000000002,1.34261,1.0,2026-03-19 16:10:00,0.6338910519250363,600.0000000000005,2026-03-19 19:00:00,1.34261,take_profit
GBPUSD,SELL,1.34314,1.34614,1.33714,1.0,2026-03-20 08:30:00,0.6355665113757387,600.0000000000005,2026-03-20 10:00:00,1.33714,take_profit
GBPUSD,SELL,1.33695,1.33995,1.33095,1.0,2026-03-20 13:40:00,0.6248365902107087,600.0000000000005,2026-03-20 14:20:00,1.33095,take_profit
GBPUSD,BUY,1.33188,1.32888,1.33788,1.0,2026-03-20 16:00:00,0.6253450087091368,-299.99999999998914,2026-03-23 06:20:00,1.32888,stop_loss
GBPUSD,BUY,1.32962,1.3266200000000001,1.33562,1.0,2026-03-23 08:00:00,0.7236579101781232,-299.99999999998914,2026-03-23 09:50:00,1.3266200000000001,stop_loss
GBPUSD,BUY,1.32681,1.3238100000000002,1.33281,1.0,2026-03-23 11:00:00,0.8036021260568946,600.0000000000005,2026-03-23 11:05:00,1.33281,take_profit
GBPUSD,BUY,1.34171,1.33871,1.34771,1.0,2026-03-23 14:10:00,0.6002930600135588,600.0000000000005,2026-03-23 14:30:00,1.34771,take_profit
GBPUSD,SELL,1.34568,1.3486799999999999,1.33968,1.0,2026-03-23 15:00:00,0.6400376431380009,600.0000000000005,2026-03-23 15:50:00,1.33968,take_profit
GBPUSD,BUY,1.33987,1.33687,1.34587,1.0,2026-03-23 17:00:00,0.6606518748502308,-299.99999999998914,2026-03-24 13:05:00,1.33687,stop_loss
GBPUSD,BUY,1.33818,1.33518,1.34418,1.0,2026-03-24 20:00:00,0.6564167103075391,-299.99999999998914,2026-03-26 02:35:00,1.33518,stop_loss
GBPUSD,BUY,1.3335,1.3305,1.3395,1.0,2026-03-26 13:00:00,0.7611782056320189,-299.99999999998914,2026-03-27 09:10:00,1.3305,stop_loss
GBPUSD,BUY,1.32864,1.3256400000000002,1.33464,1.0,2026-03-27 13:30:00,0.6168924819074292,-299.99999999998914,2026-03-29 22:00:00,1.3256400000000002,stop_loss
GBPUSD,SELL,1.328,1.331,1.322,1.0,2026-03-30 06:00:00,0.6282135580353879,600.0000000000005,2026-03-30 13:30:00,1.322,take_profit
GBPUSD,BUY,1.31865,1.3156500000000002,1.32465,1.0,2026-03-30 14:00:00,0.6920559057049354,600.0000000000005,2026-03-31 12:30:00,1.32465,take_profit
GBPUSD,SELL,1.32551,1.3285099999999999,1.31951,1.0,2026-03-31 14:15:00,0.6002433326650245,600.0000000000005,2026-03-31 14:55:00,1.31951,take_profit
GBPUSD,BUY,1.31853,1.31553,1.32453,1.0,2026-03-31 16:05:00,0.6377827851862407,600.0000000000005,2026-03-31 17:45:00,1.32453,take_profit
GBPUSD,BUY,1.32565,1.32265,1.33165,1.0,2026-04-01 06:00:00,0.8008698427051206,600.0000000000005,2026-04-01 10:45:00,1.33165,take_profit
GBPUSD,SELL,1.33229,1.3352899999999999,1.32629,1.0,2026-04-01 12:00:00,0.7468508076556076,600.0000000000005,2026-04-02 01:30:00,1.32629,take_profit
GBPUSD,BUY,1.32108,1.3180800000000001,1.32708,1.0,2026-04-02 06:30:00,0.6690986060889725,-299.99999999998914,2026-04-05 22:00:00,1.3180800000000001,stop_loss
GBPUSD,BUY,1.32158,1.31858,1.32758,1.0,2026-04-06 07:20:00,0.602066318818391,600.0000000000005,2026-04-07 08:40:00,1.32758,take_profit
GBPUSD,BUY,1.32381,1.32081,1.32981,1.0,2026-04-07 14:00:00,0.6962812936598853,600.0000000000005,2026-04-07 20:15:00,1.32981,take_profit
GBPUSD,BUY,1.34381,1.34081,1.34981,1.0,2026-04-08 10:45:00,0.6012978706899,-299.99999999998914,2026-04-08 18:15:00,1.34081,stop_loss
GBPUSD,SELL,1.34041,1.34341,1.33441,1.0,2026-04-08 18:30:00,0.6789805217465663,-299.99999999998914,2026-04-09 15:30:00,1.34341,stop_loss
GBPUSD,BUY,1.3435,1.3405,1.3495,1.0,2026-04-09 15:35:00,0.6546253956835872,-299.99999999998914,2026-04-12 21:00:00,1.3405,stop_loss
GBPUSD,SELL,1.3442,1.3472,1.3382,1.0,2026-04-13 11:30:00,0.7192623082345528,-299.99999999998914,2026-04-13 16:30:00,1.3472,stop_loss
GBPUSD,BUY,1.3475,1.3445,1.3535,1.0,2026-04-13 16:50:00,0.6560090718330592,600.0000000000005,2026-04-14 07:00:00,1.3535,take_profit
GBPUSD,BUY,1.35477,1.3517700000000001,1.36077,1.0,2026-04-14 10:25:00,0.6364348667393218,-299.99999999998914,2026-04-16 14:50:00,1.3517700000000001,stop_loss
GBPUSD,BUY,1.35334,1.35034,1.35934,1.0,2026-04-17 12:05:00,0.6742954363231635,600.0000000000005,2026-04-17 13:05:00,1.35934,take_profit
GBPUSD,SELL,1.35836,1.36136,1.35236,1.0,2026-04-17 14:30:00,0.7050360452271097,600.0000000000005,2026-04-17 19:35:00,1.35236,take_profit
GBPUSD,BUY,1.35006,1.3470600000000001,1.35606,1.0,2026-04-20 09:35:00,0.6722134896963112,-299.99999999998914,2026-04-23 17:05:00,1.3470600000000001,stop_loss
GBPUSD,BUY,1.34868,1.3456800000000002,1.35468,1.0,2026-04-24 12:45:00,0.6293375420641647,600.0000000000005,2026-04-27 03:40:00,1.35468,take_profit
GBPUSD,SELL,1.35664,1.35964,1.35064,1.0,2026-04-27 12:30:00,0.7502491372210798,600.0000000000005,2026-04-28 06:45:00,1.35064,take_profit
GBPUSD,SELL,1.34744,1.3504399999999999,1.34144,1.0,2026-04-28 11:40:00,0.607744100150752,-299.99999999998914,2026-04-28 14:30:00,1.3504399999999999,stop_loss
GBPUSD,BUY,1.34954,1.34654,1.35554,1.0,2026-04-28 14:45:00,0.6259662763985323,-299.99999999998914,2026-04-29 18:40:00,1.34654,stop_loss
GBPUSD,BUY,1.34872,1.34572,1.35472,1.0,2026-04-30 09:00:00,0.7605373348958488,600.0000000000005,2026-04-30 14:15:00,1.35472,take_profit
GBPUSD,BUY,1.3539,1.3509000000000002,1.3599,1.0,2026-04-30 14:35:00,0.7920960600283367,600.0000000000005,2026-04-30 18:40:00,1.3599,take_profit
GBPUSD,BUY,1.35899,1.35599,1.36499,1.0,2026-05-01 06:30:00,0.6983584384323666,600.0000000000005,2026-05-01 14:05:00,1.36499,take_profit
GBPUSD,SELL,1.36531,1.36831,1.35931,1.0,2026-05-01 14:15:00,0.722680591472816,600.0000000000005,2026-05-01 17:30:00,1.35931,take_profit
GBPUSD,SELL,1.35925,1.36225,1.35325,1.0,2026-05-04 06:30:00,0.6122631117991818,600.0000000000005,2026-05-04 10:05:00,1.35325,take_profit
GBPUSD,BUY,1.35432,1.35132,1.36032,1.0,2026-05-04 12:00:00,0.7361065296782403,-299.99999999998914,2026-05-04 16:10:00,1.35132,stop_loss
GBPUSD,BUY,1.35274,1.3497400000000002,1.35874,1.0,2026-05-04 17:00:00,0.6472950336820273,600.0000000000005,2026-05-06 04:30:00,1.35874,take_profit
GBPUSD,BUY,1.35834,1.3553400000000002,1.36434,1.0,2026-05-06 04:40:00,0.6748248980885208,600.0000000000005,2026-05-06 10:55:00,1.36434,take_profit
GBPUSD,SELL,1.36378,1.3667799999999999,1.35778,1.0,2026-05-06 11:15:00,0.6440889495629359,600.0000000000005,2026-05-07 17:25:00,1.35778,take_profit
GBPUSD,BUY,1.35829,1.35529,1.36429,1.0,2026-05-08 08:00:00,0.7047608396410149,600.0000000000005,2026-05-11 15:00:00,1.36429,take_profit
GBPUSD,SELL,1.35746,1.36046,1.35146,1.0,2026-05-12 06:00:00,0.8229965564800683,600.0000000000005,2026-05-12 08:00:00,1.35146,take_profit
GBPUSD,BUY,1.35036,1.3473600000000001,1.35636,1.0,2026-05-12 08:10:00,0.6716898977187769,-299.99999999998914,2026-05-14 15:40:00,1.3473600000000001,stop_loss
GBPUSD,SELL,1.34735,1.35035,1.34135,1.0,2026-05-14 16:05:00,0.6457281442094502,600.0000000000005,2026-05-14 17:50:00,1.34135,take_profit
GBPUSD,BUY,1.33697,1.33397,1.34297,1.0,2026-05-15 10:35:00,0.6179969889885425,-299.99999999998914,2026-05-15 13:45:00,1.33397,stop_loss
GBPUSD,BUY,1.33386,1.3308600000000002,1.33986,1.0,2026-05-15 14:00:00,0.606961156788687,-299.99999999998914,2026-05-17 23:40:00,1.3308600000000002,stop_loss
GBPUSD,BUY,1.33264,1.3296400000000002,1.33864,1.0,2026-05-18 06:00:00,0.6481933161534384,600.0000000000005,2026-05-18 12:05:00,1.33864,take_profit
GBPUSD,BUY,1.33864,1.3356400000000002,1.34464,1.0,2026-05-18 14:00:00,0.6277462608683504,600.0000000000005,2026-05-18 16:10:00,1.34464,take_profit
GBPUSD,BUY,1.33903,1.33603,1.34503,1.0,2026-05-19 13:30:00,0.6131618692967531,600.0000000000005,2026-05-20 15:15:00,1.34503,take_profit
GBPUSD,SELL,1.34354,1.3465399999999998,1.33754,1.0,2026-05-21 07:00:00,0.6456051262042288,-299.99999999998914,2026-05-24 22:00:00,1.3465399999999998,stop_loss
GBPUSD,SELL,1.34641,1.34941,1.34041,1.0,2026-05-26 14:30:00,0.6830439770775765,600.0000000000005,2026-05-28 01:45:00,1.34041,take_profit
GBPUSD,BUY,1.34102,1.3380200000000002,1.34702,1.0,2026-05-28 14:00:00,0.8002792970633843,600.0000000000005,2026-05-29 14:55:00,1.34702,take_profit
NZDUSD,SELL,0.59462,0.59762,0.58862,1.0,2026-03-02 15:00:00,0.8475719359869532,600.0000000000005,2026-03-03 09:45:00,0.58862,take_profit
NZDUSD,SELL,0.5892,0.5922,0.5831999999999999,1.0,2026-03-03 10:00:00,0.7027906760237731,-300.0000000000002,2026-03-04 10:05:00,0.5922,stop_loss
NZDUSD,SELL,0.59219,0.59519,0.58619,1.0,2026-03-04 11:20:00,0.6491571946595107,600.0000000000005,2026-03-06 13:50:00,0.58619,take_profit
NZDUSD,BUY,0.586,0.583,0.592,1.0,2026-03-06 13:55:00,0.713939867219157,600.0000000000005,2026-03-09 13:30:00,0.592,take_profit
NZDUSD,SELL,0.59198,0.59498,0.58598,1.0,2026-03-09 13:30:00,0.6296371503032554,-300.0000000000002,2026-03-10 14:40:00,0.59498,stop_loss
NZDUSD,BUY,0.595,0.592,0.601,1.0,2026-03-10 14:40:00,0.759426410180953,-300.0000000000002,2026-03-11 09:00:00,0.592,stop_loss
NZDUSD,SELL,0.59255,0.59555,0.58655,1.0,2026-03-11 09:05:00,0.6232864060048062,600.0000000000005,2026-03-12 14:40:00,0.58655,take_profit
NZDUSD,BUY,0.58574,0.58274,0.59174,1.0,2026-03-12 15:15:00,0.645400379558806,-300.0000000000002,2026-03-13 05:55:00,0.58274,stop_loss
NZDUSD,SELL,0.5828,0.5858,0.5768,1.0,2026-03-13 06:00:00,0.7698297783161083,-300.0000000000002,2026-03-16 14:00:00,0.5858,stop_loss
NZDUSD,SELL,0.58567,0.58867,0.57967,1.0,2026-03-16 14:10:00,0.6290025549137619,600.0000000000005,2026-03-18 20:20:00,0.57967,take_profit
NZDUSD,SELL,0.5809,0.5839,0.5749,1.0,2026-03-18 21:30:00,0.7189290966140988,-300.0000000000002,2026-03-19 14:00:00,0.5839,stop_loss
NZDUSD,SELL,0.58436,0.58736,0.57836,1.0,2026-03-19 15:00:00,0.6654556276733701,-300.0000000000002,2026-03-19 19:00:00,0.58736,stop_loss
NZDUSD,BUY,0.58734,0.58434,0.59334,1.0,2026-03-20 00:30:00,0.776477930674387,-300.0000000000002,2026-03-20 13:50:00,0.58434,stop_loss
NZDUSD,BUY,0.5835,0.5805,0.5895,1.0,2026-03-20 14:15:00,0.631326335278035,-300.0000000000002,2026-03-23 05:20:00,0.5805,stop_loss
NZDUSD,SELL,0.57948,0.58248,0.57348,1.0,2026-03-23 07:35:00,0.6777782048503255,-300.0000000000002,2026-03-23 11:05:00,0.58248,stop_loss
NZDUSD,BUY,0.58141,0.57841,0.58741,1.0,2026-03-23 12:00:00,0.6542090488289292,600.0000000000005,2026-03-23 14:20:00,0.58741,take_profit
NZDUSD,SELL,0.5886,0.5916,0.5826,1.0,2026-03-23 15:00:00,0.8030963495127132,600.0000000000005,2026-03-24 04:15:00,0.5826,take_profit
NZDUSD,BUY,0.58316,0.58016,0.58916,1.0,2026-03-24 06:10:00,0.6320078613000831,-300.0000000000002,2026-03-24 17:05:00,0.58016,stop_loss
NZDUSD,BUY,0.57984,0.57684,0.58584,1.0,2026-03-24 17:15:00,0.623570351865804,-300.0000000000002,2026-03-26 16:25:00,0.57684,stop_loss
NZDUSD,SELL,0.57664,0.57964,0.57064,1.0,2026-03-26 17:30:00,0.6851390987254358,600.0000000000005,2026-03-30 14:05:00,0.57064,take_profit
NZDUSD,BUY,0.5704,0.5674,0.5764,1.0,2026-03-30 14:15:00,0.7448893633567188,600.0000000000005,2026-04-01 06:45:00,0.5764,take_profit
NZDUSD,SELL,0.57641,0.57941,0.57041,1.0,2026-04-01 07:05:00,0.7490194592004407,600.0000000000005,2026-04-02 05:45:00,0.57041,take_profit
NZDUSD,BUY,0.57004,0.56704,0.57604,1.0,2026-04-02 06:10:00,0.6672261499133958,600.0000000000005,2026-04-07 22:35:00,0.57604,take_profit
NZDUSD,BUY,0.57904,0.57604,0.58504,1.0,2026-04-08 01:00:00,0.7490588095983464,600.0000000000005,2026-04-08 12:45:00,0.58504,take_profit
NZDUSD,SELL,0.58535,0.58835,0.57935,1.0,2026-04-08 13:00:00,0.7342213081841463,-300.0000000000002,2026-04-14 06:45:00,0.58835,stop_loss
NZDUSD,BUY,0.58854,0.58554,0.59454,1.0,2026-04-14 08:10:00,0.6381381643226383,-300.0000000000002,2026-04-19 21:30:00,0.58554,stop_loss
NZDUSD,BUY,0.58516,0.58216,0.59116,1.0,2026-04-19 22:00:00,0.6106842969593178,600.0000000000005,2026-04-20 22:55:00,0.59116,take_profit
NZDUSD,SELL,0.59078,0.59378,0.58478,1.0,2026-04-20 23:40:00,0.6060490079739485,600.0000000000005,2026-04-23 17:40:00,0.58478,take_profit
NZDUSD,BUY,0.5846,0.5816,0.5906,1.0,2026-04-23 17:40:00,0.7100496827529714,600.0000000000005,2026-04-27 08:25:00,0.5906,take_profit
NZDUSD,BUY,0.59142,0.5884199999999999,0.59742,1.0,2026-04-27 14:00:00,0.7126695807787564,-300.0000000000002,2026-04-28 06:50:00,0.5884199999999999,stop_loss
NZDUSD,SELL,0.58888,0.59188,0.58288,1.0,2026-04-28 10:00:00,0.6638776519028179,600.0000000000005,2026-04-29 15:50:00,0.58288,take_profit
NZDUSD,SELL,0.58356,0.58656,0.57756,1.0,2026-04-29 15:55:00,0.6097477858742755,-300.0000000000002,2026-04-30 11:00:00,0.58656,stop_loss
NZDUSD,BUY,0.58648,0.58348,0.59248,1.0,2026-04-30 11:05:00,0.6558890913069226,600.0000000000005,2026-05-01 14:10:00,0.59248,take_profit
NZDUSD,BUY,0.59156,0.58856,0.59756,1.0,2026-05-01 15:00:00,0.6732194535389622,-300.0000000000002,2026-05-04 10:05:00,0.58856,stop_loss
NZDUSD,SELL,0.58916,0.59216,0.58316,1.0,2026-05-04 10:45:00,0.736012098878206,-300.0000000000002,2026-05-06 01:15:00,0.59216,stop_loss
NZDUSD,BUY,0.59314,0.59014,0.59914,1.0,2026-05-06 04:00:00,0.7512118796751565,-300.0000000000002,2026-05-15 00:00:00,0.59014,stop_loss
NZDUSD,SELL,0.58894,0.59194,0.58294,1.0,2026-05-15 01:40:00,0.6164019859049968,600.0000000000005,2026-05-18 00:15:00,0.58294,take_profit
NZDUSD,BUY,0.58242,0.57942,0.58842,1.0,2026-05-18 01:00:00,0.6442646217867023,600.0000000000005,2026-05-20 15:15:00,0.58842,take_profit
NZDUSD,BUY,0.5869,0.5839,0.5929,1.0,2026-05-20 16:25:00,0.6515140745249489,-300.0000000000002,2026-05-26 13:10:00,0.5839,stop_loss
NZDUSD,BUY,0.58446,0.58146,0.59046,1.0,2026-05-27 00:50:00,0.6311616954152981,600.0000000000005,2026-05-27 12:35:00,0.59046,take_profit
NZDUSD,SELL,0.59027,0.59327,0.58427,1.0,2026-05-27 12:35:00,0.6060793509881933,-300.0000000000002,2026-05-28 16:20:00,0.59327,stop_loss
NZDUSD,BUY,0.59301,0.59001,0.59901,1.0,2026-05-28 21:30:00,0.6666609577950091,600.0000000000005,2026-05-29 13:50:00,0.59901,take_profit
NZDUSD,BUY,0.59812,0.59512,0.60412,1.0,2026-05-29 14:15:00,0.6754463647940542,-4.000000000004,2026-05-31 23:55:00,0.59808,end_of_data
USDCHF,BUY,0.77825,0.77525,0.78425,1.0,2026-03-02 15:00:00,0.813794184599932,600.0000000000005,2026-03-03 08:10:00,0.78425,take_profit
USDCHF,BUY,0.78356,0.78056,0.78956,1.0,2026-03-03 08:30:00,0.68083847440775,-300.0000000000002,2026-03-04 03:55:00,0.78056,stop_loss
USDCHF,SELL,0.78235,0.78535,0.77635,1.0,2026-03-04 06:00:00,0.7542347802696041,600.0000000000005,2026-03-06 18:10:00,0.77635,take_profit
USDCHF,SELL,0.77645,0.77945,0.77045,1.0,2026-03-06 18:20:00,0.6075767416935152,-300.0000000000002,2026-03-08 21:00:00,0.77945,stop_loss
USDCHF,SELL,0.78004,0.78304,0.77404,1.0,2026-03-09 05:05:00,0.6220766482072735,-300.0000000000002,2026-03-12 13:20:00,0.78304,stop_loss
USDCHF,BUY,0.78248,0.77948,0.78848,1.0,2026-03-12 13:20:00,0.6757101366859247,600.0000000000005,2026-03-13 07:45:00,0.78848,take_profit
USDCHF,SELL,0.78822,0.79122,0.78222,1.0,2026-03-13 09:05:00,0.7475413035386926,-300.0000000000002,2026-03-13 19:50:00,0.79122,stop_loss
USDCHF,BUY,0.79091,0.78791,0.79691,1.0,2026-03-16 07:00:00,0.6435669815322517,-300.0000000000002,2026-03-16 10:25:00,0.78791,stop_loss
USDCHF,SELL,0.78804,0.79104,0.78204,1.0,2026-03-16 11:30:00,0.6359266780511827,-300.0000000000002,2026-03-18 18:30:00,0.79104,stop_loss
USDCHF,BUY,0.79075,0.78775,0.79675,1.0,2026-03-18 18:30:00,0.7514998946896754,-300.0000000000002,2026-03-19 19:05:00,0.78775,stop_loss
USDCHF,SELL,0.78658,0.78958,0.7805799999999999,1.0,2026-03-19 19:05:00,0.6042600637448287,-300.0000000000002,2026-03-20 05:45:00,0.78958,stop_loss
USDCHF,SELL,0.78863,0.7916300000000001,0.78263,1.0,2026-03-20 09:00:00,0.680035273120521,-300.0000000000002,2026-03-23 09:15:00,0.7916300000000001,stop_loss
USDCHF,SELL,0.79394,0.79694,0.78794,1.0,2026-03-23 11:00:00,0.8767846103529595,600.0000000000005,2026-03-23 11:05:00,0.78794,take_profit
USDCHF,SELL,0.78946,0.79246,0.78346,1.0,2026-03-23 12:00:00,0.7962065836691326,600.0000000000005,2026-03-23 14:30:00,0.78346,take_profit
USDCHF,SELL,0.7851,0.7881,0.7791,1.0,2026-03-23 14:50:00,0.6164481234004308,-300.0000000000002,2026-03-23 16:00:00,0.7881,stop_loss
USDCHF,SELL,0.78768,0.79068,0.78168,1.0,2026-03-23 17:00:00,0.7660271018707725,-300.0000000000002,2026-03-24 13:25:00,0.79068,stop_loss
USDCHF,BUY,0.79068,0.78768,0.79668,1.0,2026-03-24 13:55:00,0.7169944371676404,-300.0000000000002,2026-03-24 20:25:00,0.78768,stop_loss
USDCHF,SELL,0.78822,0.79122,0.78222,1.0,2026-03-24 20:25:00,0.6198212862855763,-300.0000000000002,2026-03-25 13:45:00,0.79122,stop_loss
USDCHF,SELL,0.79206,0.79506,0.78606,1.0,2026-03-25 14:00:00,0.8040269812360888,-300.0000000000002,2026-03-26 18:00:00,0.79506,stop_loss
USDCHF,SELL,0.79584,0.79884,0.78984,1.0,2026-03-26 20:05:00,0.7248043758658058,-300.0000000000002,2026-03-27 19:00:00,0.79884,stop_loss
USDCHF,BUY,0.79924,0.79624,0.80524,1.0,2026-03-30 13:15:00,0.703242831912519,-300.0000000000002,2026-04-01 06:20:00,0.79624,stop_loss
USDCHF,SELL,0.79562,0.79862,0.78962,1.0,2026-04-01 06:20:00,0.6416000281723995,-300.0000000000002,2026-04-02 04:25:00,0.79862,stop_loss
USDCHF,SELL,0.7993,0.8023,0.7933,1.0,2026-04-02 06:30:00,0.6024233857498802,600.0000000000005,2026-04-07 22:55:00,0.7933,take_profit
USDCHF,SELL,0.79092,0.79392,0.78492,1.0,2026-04-08 01:00:00,0.7243468044213749,600.0000000000005,2026-04-13 17:15:00,0.78492,take_profit
USDCHF,SELL,0.78403,0.78703,0.77803,1.0,2026-04-13 18:30:00,0.6954875900707564,600.0000000000005,2026-04-17 13:05:00,0.77803,take_profit
USDCHF,SELL,0.77954,0.78254,0.77354,1.0,2026-04-17 13:25:00,0.668542924155951,-300.0000000000002,2026-04-19 21:50:00,0.78254,stop_loss
USDCHF,SELL,0.78109,0.78409,0.77509,1.0,2026-04-20 13:00:00,0.8688634971700437,-300.0000000000002,2026-04-22 17:55:00,0.78409,stop_loss
USDCHF,SELL,0.7855,0.7885,0.7795,1.0,2026-04-23 11:30:00,0.6788946698741123,-300.0000000000002,2026-04-28 06:45:00,0.7885,stop_loss
USDCHF,SELL,0.78936,0.79236,0.78336,1.0,2026-04-28 08:00:00,0.7687060992764708,-300.0000000000002,2026-04-29 18:45:00,0.79236,stop_loss
USDCHF,SELL,0.78991,0.79291,0.78391,1.0,2026-04-30 08:20:00,0.8224578757098973,600.0000000000005,2026-04-30 12:50:00,0.78391,take_profit
USDCHF,SELL,0.78372,0.78672,0.77772,1.0,2026-04-30 12:50:00,0.6390540091857444,600.0000000000005,2026-05-06 10:50:00,0.77772,take_profit
USDCHF,BUY,0.77788,0.77488,0.78388,1.0,2026-05-06 11:30:00,0.6208276975424594,600.0000000000005,2026-05-14 19:40:00,0.78388,take_profit
USDCHF,SELL,0.78596,0.78896,0.77996,1.0,2026-05-15 10:00:00,0.6859997851308273,-300.0000000000002,2026-05-19 13:20:00,0.78896,stop_loss
USDCHF,BUY,0.7889,0.7859,0.7949,1.0,2026-05-19 14:00:00,0.7721815697805106,-300.0000000000002,2026-05-20 15:15:00,0.7859,stop_loss
USDCHF,SELL,0.78746,0.79046,0.78146,1.0,2026-05-20 16:20:00,0.6123022703609531,600.0000000000005,2026-05-25 06:50:00,0.78146,take_profit
USDCHF,BUY,0.78106,0.77806,0.78706,1.0,2026-05-25 13:00:00,0.8144640050777328,600.0000000000005,2026-05-27 15:50:00,0.78706,take_profit
USDCHF,SELL,0.78906,0.79206,0.78306,1.0,2026-05-28 12:00:00,0.7317111824713735,600.0000000000005,2026-05-29 10:30:00,0.78306,take_profit
USDCHF,BUY,0.78001,0.77701,0.78601,1.0,2026-05-29 14:50:00,0.8019368287873128,189.0000000000058,2026-05-31 23:55:00,0.7819,end_of_data
USDJPY,SELL,157.744,158.044,157.144,1.0,2026-03-02 16:05:00,0.7333993432438027,599.9999999999943,2026-03-02 19:40:00,157.144,take_profit
USDJPY,BUY,157.298,156.998,157.898,1.0,2026-03-03 00:20:00,0.607845229486592,599.9999999999943,2026-03-03 11:05:00,157.898,take_profit
USDJPY,SELL,157.942,158.24200000000002,157.342,1.0,2026-03-03 11:30:00,0.8594514031955351,599.9999999999943,2026-03-04 04:05:00,157.342,take_profit
USDJPY,SELL,157.515,157.815,156.915,1.0,2026-03-04 08:35:00,0.6311851616883652,599.9999999999943,2026-03-04 10:05:00,156.915,take_profit
USDJPY,BUY,156.91,156.60999999999999,157.51,1.0,2026-03-04 10:05:00,0.6880123641461505,-300.00000000001137,2026-03-05 00:50:00,156.60999999999999,stop_loss
USDJPY,BUY,156.461,156.161,157.061,1.0,2026-03-05 01:25:00,0.6956037590793469,599.9999999999943,2026-03-05 03:50:00,157.061,take_profit
USDJPY,BUY,157.056,156.756,157.656,1.0,2026-03-05 07:30:00,0.7558428430959974,599.9999999999943,2026-03-05 13:35:00,157.656,take_profit
USDJPY,BUY,157.416,157.11599999999999,158.016,1.0,2026-03-05 15:00:00,0.7228570624351144,599.9999999999943,2026-03-06 12:20:00,158.016,take_profit
USDJPY,SELL,157.873,158.173,157.273,1.0,2026-03-06 13:55:00,0.6536448402519723,-300.00000000001137,2026-03-08 22:05:00,158.173,stop_loss
USDJPY,BUY,158.236,157.93599999999998,158.83599999999998,1.0,2026-03-08 23:30:00,0.6340699576078813,599.9999999999943,2026-03-09 03:25:00,158.83599999999998,take_profit
USDJPY,SELL,158.697,158.997,158.097,1.0,2026-03-09 05:00:00,0.7648113075644678,599.9999999999943,2026-03-09 15:40:00,158.097,take_profit
USDJPY,SELL,158.364,158.66400000000002,157.764,1.0,2026-03-09 19:00:00,0.8266672444056933,599.9999999999943,2026-03-09 19:40:00,157.764,take_profit
USDJPY,SELL,157.935,158.235,157.335,1.0,2026-03-10 00:00:00,0.8256797258991764,599.9999999999943,2026-03-10 07:35:00,157.335,take_profit
USDJPY,BUY,157.34,157.04,157.94,1.0,2026-03-10 08:00:00,0.7011185908714618,599.9999999999943,2026-03-10 12:15:00,157.94,take_profit
USDJPY,BUY,157.729,157.429,158.329,1.0,2026-03-10 13:35:00,0.6834350589521301,-300.00000000001137,2026-03-10 17:15:00,157.429,stop_loss
USDJPY,BUY,157.62,157.32,158.22,1.0,2026-03-10 18:00:00,0.6665480565951594,599.9999999999943,2026-03-11 00:55:00,158.22,take_profit
USDJPY,SELL,158.114,158.41400000000002,157.514,1.0,2026-03-11 06:00:00,0.6440930971990239,-300.00000000001137,2026-03-11 08:45:00,158.41400000000002,stop_loss
USDJPY,BUY,158.45,158.14999999999998,159.04999999999998,1.0,2026-03-11 12:35:00,0.695817807731973,599.9999999999943,2026-03-11 23:10:00,159.04999999999998,take_profit
USDJPY,SELL,159.18,159.48000000000002,158.58,1.0,2026-03-12 00:30:00,0.6313019083341428,599.9999999999943,2026-03-12 11:35:00,158.58,take_profit
USDJPY,BUY,159.114,158.814,159.714,1.0,2026-03-13 01:30:00,0.6555154063294472,599.9999999999943,2026-03-13 20:25:00,159.714,take_profit
USDJPY,SELL,159.685,159.985,159.085,1.0,2026-03-15 22:40:00,0.6591427601239164,599.9999999999943,2026-03-16 12:00:00,159.085,take_profit
USDJPY,SELL,159.12,159.42000000000002,158.52,1.0,2026-03-16 13:30:00,0.8146452535691873,-300.00000000001137,2026-03-17 01:20:00,159.42000000000002,stop_loss
USDJPY,SELL,158.98,159.28,158.38,1.0,2026-03-17 13:00:00,0.6074740674574919,-300.00000000001137,2026-03-18 12:30:00,159.28,stop_loss
USDJPY,BUY,159.47,159.17,160.07,1.0,2026-03-18 18:30:00,0.6840331978776142,-300.00000000001137,2026-03-19 08:00:00,159.17,stop_loss
USDJPY,SELL,159.142,159.442,158.542,1.0,2026-03-19 12:30:00,0.8707822350428519,599.9999999999943,2026-03-19 13:45:00,158.542,take_profit
USDJPY,SELL,158.494,158.794,157.894,1.0,2026-03-19 13:45:00,0.6901871450425198,599.9999999999943,2026-03-19 17:20:00,157.894,take_profit
USDJPY,BUY,157.835,157.535,158.435,1.0,2026-03-20 01:15:00,0.6384868054192825,599.9999999999943,2026-03-20 06:55:00,158.435,take_profit
USDJPY,BUY,158.38,158.07999999999998,158.98,1.0,2026-03-20 08:35:00,0.7174844725853036,599.9999999999943,2026-03-20 13:55:00,158.98,take_profit
USDJPY,BUY,159.052,158.75199999999998,159.652,1.0,2026-03-20 15:35:00,0.6122126851421049,599.9999999999943,2026-03-23 06:20:00,159.652,take_profit
USDJPY,SELL,159.643,159.943,159.043,1.0,2026-03-23 08:00:00,0.8194396493760598,599.9999999999943,2026-03-23 11:05:00,159.043,take_profit
USDJPY,BUY,158.574,158.22503571428572,159.2719285714286,1.0,2026-03-23 11:30:00,0.669170769415918,-348.9642857142883,2026-03-23 14:20:00,158.22503571428572,stop_loss
USDJPY,BUY,158.336,158.036,158.936,1.0,2026-03-23 15:00:00,0.6034936616392403,-300.00000000001137,2026-03-23 18:35:00,158.036,stop_loss
USDJPY,BUY,158.673,158.373,159.273,1.0,2026-03-24 11:45:00,0.6319256621924174,-300.00000000001137,2026-03-24 20:25:00,158.373,stop_loss
USDJPY,SELL,159.124,159.424,158.524,1.0,2026-03-25 08:00:00,0.8572943412736761,-300.00000000001137,2026-03-25 18:55:00,159.424,stop_loss
USDJPY,SELL,159.704,160.00400000000002,159.104,1.0,2026-03-27 00:30:00,0.6386344344089472,-300.00000000001137,2026-03-27 15:55:00,160.00400000000002,stop_loss
USDJPY,SELL,159.848,160.14800000000002,159.24800000000002,1.0,2026-03-30 07:00:00,0.6614843305987324,599.9999999999943,2026-03-31 13:15:00,159.24800000000002,take_profit
USDJPY,SELL,159.241,159.54100000000003,158.64100000000002,1.0,2026-03-31 13:30:00,0.7604752353622279,599.9999999999943,2026-03-31 23:20:00,158.64100000000002,take_profit
USDJPY,BUY,158.588,158.28799999999998,159.188,1.0,2026-04-01 00:30:00,0.6226615214115878,-300.00000000001137,2026-04-01 07:00:00,158.28799999999998,stop_loss
USDJPY,BUY,158.394,158.094,158.994,1.0,2026-04-01 07:30:00,0.7840772796114575,599.9999999999943,2026-04-02 01:15:00,158.994,take_profit
USDJPY,SELL,159.667,159.967,159.067,1.0,2026-04-06 07:30:00,0.8153455967683075,-300.00000000001137,2026-04-07 15:00:00,159.967,stop_loss
USDJPY,SELL,159.712,160.012,159.112,1.0,2026-04-07 19:30:00,0.6565631307734099,599.9999999999943,2026-04-07 22:35:00,159.112,take_profit
USDJPY,SELL,159.163,159.46300000000002,158.56300000000002,1.0,2026-04-07 22:40:00,0.7180279069222164,599.9999999999943,2026-04-08 00:00:00,158.56300000000002,take_profit
USDJPY,SELL,158.694,158.994,158.094,1.0,2026-04-08 00:55:00,0.6035059975729411,599.9999999999943,2026-04-08 06:25:00,158.094,take_profit
USDJPY,SELL,158.45,158.75,157.85,1.0,2026-04-08 11:00:00,0.7644142296981516,-300.00000000001137,2026-04-08 19:00:00,158.75,stop_loss
USDJPY,BUY,158.805,158.505,159.405,1.0,2026-04-09 07:00:00,0.6160170152609306,599.9999999999943,2026-04-12 21:00:00,159.405,take_profit
USDJPY,SELL,159.749,160.049,159.149,1.0,2026-04-13 13:30:00,0.7750442896789298,599.9999999999943,2026-04-14 00:20:00,159.149,take_profit
USDJPY,SELL,158.981,159.281,158.381,1.0,2026-04-15 16:00:00,0.6054042116181548,599.9999999999943,2026-04-16 03:00:00,158.381,take_profit
USDJPY,BUY,159.054,158.754,159.654,1.0,2026-04-16 13:30:00,0.6658685361115042,-300.00000000001137,2026-04-17 12:45:00,158.754,stop_loss
USDJPY,SELL,158.54,158.84,157.94,1.0,2026-04-17 12:45:00,0.6758359956848276,599.9999999999943,2026-04-17 14:15:00,157.94,take_profit
USDJPY,SELL,157.908,158.208,157.308,1.0,2026-04-17 14:15:00,0.6497396752617723,-300.00000000001137,2026-04-17 17:05:00,158.208,stop_loss
USDJPY,BUY,158.218,157.91799999999998,158.81799999999998,1.0,2026-04-17 18:30:00,0.7817757115443802,599.9999999999943,2026-04-19 21:25:00,158.81799999999998,take_profit
USDJPY,SELL,158.934,159.234,158.334,1.0,2026-04-20 13:00:00,0.8811370722432221,-300.00000000001137,2026-04-21 09:05:00,159.234,stop_loss
USDJPY,BUY,159.09,158.79,159.69,1.0,2026-04-21 14:15:00,0.6705633572938638,599.9999999999943,2026-04-23 00:15:00,159.69,take_profit
USDJPY,SELL,159.728,160.02800000000002,159.12800000000001,1.0,2026-04-23 11:30:00,0.7130712760377337,599.9999999999943,2026-04-27 08:55:00,159.12800000000001,take_profit
USDJPY,BUY,159.132,158.832,159.732,1.0,2026-04-28 06:35:00,0.6579546982149171,599.9999999999943,2026-04-28 11:30:00,159.732,take_profit
USDJPY,SELL,159.668,159.96800000000002,159.068,1.0,2026-04-28 12:30:00,0.6522577145344497,-300.00000000001137,2026-04-29 12:50:00,159.96800000000002,stop_loss
USDJPY,SELL,160.582,160.882,159.982,1.0,2026-04-30 07:30:00,0.8696083620131279,599.9999999999943,2026-04-30 07:55:00,159.982,take_profit
USDJPY,SELL,160.049,160.34900000000002,159.449,1.0,2026-04-30 08:10:00,0.7110285326855398,599.9999999999943,2026-04-30 09:00:00,159.449,take_profit
USDJPY,SELL,159.516,159.816,158.916,1.0,2026-04-30 09:00:00,0.771755152590026,599.9999999999943,2026-04-30 10:25:00,158.916,take_profit
USDJPY,SELL,158.438,158.738,157.838,1.0,2026-04-30 10:25:00,0.7030352228359198,599.9999999999943,2026-04-30 10:30:00,157.838,take_profit
USDJPY,SELL,157.553,157.973,156.713,1.0,2026-04-30 10:45:00,0.6576687088881856,840.0000000000034,2026-04-30 11:15:00,156.713,take_profit
USDJPY,SELL,156.978,157.6684285714286,155.59714285714284,1.0,2026-04-30 11:15:00,0.6756418569041259,1380.8571428571668,2026-04-30 11:45:00,155.59714285714284,take_profit
USDJPY,SELL,156.054,156.78525,154.5915,1.0,2026-04-30 11:45:00,0.6182112832641836,-731.2499999999886,2026-04-30 12:30:00,156.78525,stop_loss
USDJPY,SELL,156.794,157.1002142857143,156.18157142857143,1.0,2026-04-30 14:00:00,0.7008386136949574,-306.214285714276,2026-05-01 00:00:00,157.1002142857143,stop_loss
USDJPY,SELL,157.275,157.57500000000002,156.675,1.0,2026-05-01 06:05:00,0.6841674005286887,599.9999999999943,2026-05-01 06:45:00,156.675,take_profit
USDJPY,BUY,156.132,155.78785714285715,156.82028571428572,1.0,2026-05-01 07:00:00,0.7494809815935063,688.285714285712,2026-05-01 15:50:00,156.82028571428572,take_profit
USDJPY,SELL,157.202,157.502,156.602,1.0,2026-05-04 03:15:00,0.6595978987586374,599.9999999999943,2026-05-04 03:45:00,156.602,take_profit
USDJPY,BUY,156.352,156.00732142857143,157.04135714285715,1.0,2026-05-04 04:00:00,0.7553094895083785,689.3571428571477,2026-05-04 10:00:00,157.04135714285715,take_profit
USDJPY,BUY,157.011,156.71099999999998,157.611,1.0,2026-05-04 14:30:00,0.6127478603669179,-300.00000000001137,2026-05-04 18:55:00,156.71099999999998,stop_loss
USDJPY,BUY,157.12,156.82,157.72,1.0,2026-05-04 19:00:00,0.6151458014851219,599.9999999999943,2026-05-05 09:00:00,157.72,take_profit
USDJPY,BUY,157.513,157.213,158.113,1.0,2026-05-05 09:55:00,0.6430951054622795,-300.00000000001137,2026-05-06 04:25:00,157.213,stop_loss
USDJPY,SELL,156.876,157.17600000000002,156.276,1.0,2026-05-06 04:25:00,0.6898847137409525,599.9999999999943,2026-05-06 04:30:00,156.276,take_profit
USDJPY,SELL,155.096,155.51782142857144,154.25235714285714,1.0,2026-05-06 04:50:00,0.6029253467537095,-421.8214285714339,2026-05-06 04:55:00,155.51782142857144,stop_loss
USDJPY,SELL,155.94,156.45225,154.9155,1.0,2026-05-06 04:55:00,0.78509503371185,-512.2499999999945,2026-05-06 06:00:00,156.45225,stop_loss
USDJPY,SELL,156.416,156.716,155.816,1.0,2026-05-06 06:15:00,0.6242918074235675,599.9999999999943,2026-05-06 07:55:00,155.816,take_profit
USDJPY,SELL,155.82,156.12,155.22,1.0,2026-05-06 07:55:00,0.6536082687971891,-300.00000000001137,2026-05-06 08:00:00,156.12,stop_loss
USDJPY,SELL,156.185,156.485,155.585,1.0,2026-05-06 08:35:00,0.7222263594409828,-300.00000000001137,2026-05-06 16:00:00,156.485,stop_loss
USDJPY,SELL,156.312,156.61200000000002,155.71200000000002,1.0,2026-05-07 01:00:00,0.774906429430956,-300.00000000001137,2026-05-07 16:15:00,156.61200000000002,stop_loss
USDJPY,SELL,156.645,156.94500000000002,156.04500000000002,1.0,2026-05-08 13:00:00,0.7655087708174075,-300.00000000001137,2026-05-10 22:00:00,156.94500000000002,stop_loss
USDJPY,SELL,157.668,157.96800000000002,157.068,1.0,2026-05-12 05:25:00,0.6046186078619722,599.9999999999943,2026-05-12 05:55:00,157.068,take_profit
USDJPY,BUY,157.326,157.02599999999998,157.926,1.0,2026-05-12 06:00:00,0.7451304299463677,599.9999999999943,2026-05-13 17:55:00,157.926,take_profit
USDJPY,SELL,158.116,158.41600000000003,157.51600000000002,1.0,2026-05-14 13:35:00,0.7585937177511163,599.9999999999943,2026-05-14 13:45:00,157.51600000000002,take_profit
USDJPY,BUY,157.92,157.61999999999998,158.51999999999998,1.0,2026-05-14 14:30:00,0.750973521120853,599.9999999999943,2026-05-15 01:20:00,158.51999999999998,take_profit
USDJPY,SELL,159.153,159.453,158.553,1.0,2026-05-19 13:30:00,0.6094086079343564,-300.00000000001137,2026-05-27 14:45:00,159.453,stop_loss
USDJPY,SELL,159.478,159.77800000000002,158.87800000000001,1.0,2026-05-28 14:00:00,0.7200666364916736,112.99999999999955,2026-05-31 23:55:00,159.365,end_of_data
